Rank,Job Title,Company,Location,Match Score (%),Matched Skills,Easy Apply,Job URL,Status,Extracted Date
1,Machine Learning Engineer Graduate (TikTok BRIC Singapore) - 2027 Start,TikTok,"Singapore, Singapore",95%,"AI Engineer, Machine Learning, Junior/Intern",No,https://sg.linkedin.com/jobs/view/machine-learning-engineer-graduate-tiktok-bric-singapore-2027-start-at-tiktok-4448237718,Curated (Pending Review),2026-09-16 04:58 PM
2,"Machine Learning Engineer Graduate (Global E-Commerce, Risk Control) - 2027 Start",TikTok,"Singapore, Singapore",95%,"AI Engineer, Machine Learning, Junior/Intern",No,https://sg.linkedin.com/jobs/view/machine-learning-engineer-graduate-global-e-commerce-risk-control-2027-start-at-tiktok-4447697108,Curated (Pending Review),2026-09-16 04:58 PM
3,Entry Level Machine Learning Engineer (Remote - Canada),Yelp,"Calgary, Alberta, Canada",95%,"AI Engineer, Machine Learning, Junior/Intern",No,https://ca.linkedin.com/jobs/view/entry-level-machine-learning-engineer-remote-canada-at-yelp-4458273895,Curated (Pending Review),2026-09-16 04:58 PM
4,"Machine Learning Engineer Graduate (Global E-Commerce, Risk Control) - 2027 Start",ByteDance,Singapore,95%,"AI Engineer, Machine Learning, Junior/Intern",No,https://sg.linkedin.com/jobs/view/machine-learning-engineer-graduate-global-e-commerce-risk-control-2027-start-at-bytedance-4448144583,Curated (Pending Review),2026-09-16 04:58 PM
5,Junior Machine Learning Engineer,Undelucram.ro,"Bucharest, Bucharest, Romania",95%,"AI Engineer, Machine Learning, Junior/Intern",No,https://ro.linkedin.com/jobs/view/junior-machine-learning-engineer-at-undelucram-ro-4466809610,Curated (Pending Review),2026-09-16 04:58 PM
6,Graduate Machine Learning Engineer,iProov,"London, England, United Kingdom",95%,"AI Engineer, Machine Learning, Junior/Intern",No,https://uk.linkedin.com/jobs/view/graduate-machine-learning-engineer-at-iproov-4463089177,Curated (Pending Review),2026-09-16 04:58 PM
7,Junior Machine Learning Engineer – Medical Imaging,Holobeam Technologies,"Bethpage, NY",95%,"AI Engineer, Machine Learning, Junior/Intern",No,https://www.linkedin.com/jobs/view/junior-machine-learning-engineer-%E2%80%93-medical-imaging-at-holobeam-technologies-4454109355,Curated (Pending Review),2026-09-16 04:58 PM
8,Junior AI Engineer,"CaliberFocus, Inc","Chennai, Tamil Nadu, India",90%,"AI Engineer, Junior/Intern",No,https://in.linkedin.com/jobs/view/junior-ai-engineer-at-caliberfocus-inc-4437967787,Curated (Pending Review),2026-09-16 04:58 PM
9,"Algorithm Engineer (Multimodal AI & Trust Intelligence), Marketplace Intelligence & Data (2027 Graduate)",Shopee,"Singapore, Singapore",90%,"AI Engineer, Junior/Intern",No,https://sg.linkedin.com/jobs/view/algorithm-engineer-multimodal-ai-trust-intelligence-marketplace-intelligence-data-2027-graduate-at-shopee-4444878368,Curated (Pending Review),2026-09-16 04:58 PM
10,Junior AI/ML Engineer,TensorOps,Portugal,90%,"AI Engineer, Junior/Intern",No,https://pt.linkedin.com/jobs/view/junior-ai-ml-engineer-at-tensorops-4453076856,Curated (Pending Review),2026-09-16 04:58 PM
